<?xml version='1.0' encoding='utf-8' standalone='yes' ?>
<map>
    <boolean name="show_hint" value="true" />
    <boolean name="remove_vip_section" value="false" />
    <boolean name="filter_apply_to_video" value="true" />
    <boolean name="block_recommend_guidance" value="true" />
    <boolean name="fake_not_in_multi_window" value="true" />
    <boolean name="add_podcast" value="true" />
    <string name="display_size">0</string>
    <boolean name="save_th_history" value="true" />
    <boolean name="enable_doc_provider" value="true" />
    <boolean name="dynamic_rm_story" value="true" />
    <boolean name="block_video_comment" value="false" />
    <boolean name="remove_live_mask" value="true" />
    <boolean name="auto_like" value="true" />
    <boolean name="block_modules" value="false" />
    <boolean name="enable_av" value="true" />
    <boolean name="add_movie" value="true" />
    <boolean name="comment_copy" value="true" />
    <boolean name="purify_drawer_reddot" value="true" />
    <boolean name="trial_vip_quality" value="true" />
    <boolean name="allow_mini_play" value="true" />
    <boolean name="disable_avif" value="false" />
    <boolean name="purify_share" value="true" />
    <boolean name="block_top_activity" value="true" />
    <boolean name="block_bangumi_page_ads" value="true" />
    <boolean name="skin" value="true" />
    <boolean name="not_lock_orientation" value="true" />
    <boolean name="subtitle_import_save" value="true" />
    <boolean name="purify_campus" value="true" />
    <boolean name="block_live_order" value="true" />
    <boolean name="customize_dynamic_all_rm_up" value="true" />
    <boolean name="remove_elec_button" value="true" />
    <boolean name="auto_generate_subtitle" value="true" />
    <boolean name="fix_space" value="true" />
    <boolean name="check_comment" value="true" />
    <boolean name="add_bangumi" value="true" />
    <boolean name="purify_game" value="true" />
    <boolean name="block_dm_feedback" value="true" />
    <boolean name="customize_dynamic_all_rm_topic" value="true" />
    <boolean name="prefer_video_tab" value="true" />
    <boolean name="full_splash" value="true" />
    <boolean name="customize_dynamic_rm_ad_link" value="true" />
    <boolean name="custom_splash" value="true" />
    <boolean name="teenagers_mode_dialog" value="true" />
    <boolean name="add_article_tab" value="true" />
    <boolean name="main_func" value="true" />
    <boolean name="add_korea" value="true" />
    <boolean name="custom_update" value="false" />
    <boolean name="disable_main_page_story" value="false" />
    <boolean name="purify_search" value="true" />
    <boolean name="no_colorful_danmaku" value="true" />
    <boolean name="customize_dynamic_rm_blocked" value="true" />
    <boolean name="search_area_bangumi" value="true" />
    <set name="block_modules_exception">
        <string>dynamic</string>
    </set>
    <boolean name="play_arc_conf" value="true" />
    <boolean name="disable_live_room_double_click" value="true" />
    <boolean name="block_comment_guide" value="true" />
    <boolean name="default_max_qn" value="false" />
    <boolean name="allow_download" value="true" />
    <boolean name="disable_auto_next_play" value="true" />
    <boolean name="disable_segmented_section" value="false" />
    <boolean name="ignore_blacklist" value="true" />
    <boolean name="mini_program" value="true" />
    <boolean name="dynamic_rm_cm" value="true" />
    <string name="drawer_style_value">0</string>
    <boolean name="save_comment_image" value="true" />
    <boolean name="number_format" value="true" />
    <boolean name="disable_p2p_upload" value="true" />
    <boolean name="disable_auto_select" value="false" />
    <boolean name="replace_story_video" value="true" />
    <boolean name="purify_city" value="true" />
    <boolean name="dynamic_force_old_tab" value="true" />
    <boolean name="disable_auto_subscribe" value="false" />
    <boolean name="add_channel" value="true" />
    <boolean name="old_fav" value="true" />
    <boolean name="disable_auto_refresh" value="true" />
    <boolean name="switch_dark_dialog" value="true" />
    <boolean name="disable_story_full" value="true" />
    <string name="player_version">0</string>
    <boolean name="disable_auto_float" value="true" />
    <boolean name="block_up_rcmd_ads" value="true" />
    <boolean name="forbid_switch_live_room" value="true" />
    <boolean name="search_area_movie" value="true" />
    <boolean name="block_activity_tab" value="true" />
    <boolean name="purify_splash" value="true" />
    <boolean name="customize_dynamic_rm_up_reservation" value="true" />
    <boolean name="block_word_search" value="true" />
    <boolean name="block_update" value="true" />
    <boolean name="prefer_stable_cdn" value="true" />
    <boolean name="auto_receive_coupon" value="true" />
    <boolean name="force_hw_codec" value="true" />
    <boolean name="music_notification" value="true" />
    <boolean name="drawer" value="true" />
    <boolean name="custom_theme" value="true" />
    <boolean name="remove_video_cmd_dms" value="true" />
    <boolean name="disable_player_long_press" value="true" />
    <boolean name="disable_slide_left" value="true" />
    <boolean name="remember_lossless_setting" value="true" />
    <boolean name="customize_dynamic_video_rm_up" value="true" />
    <boolean name="block_fan_guide" value="true" />
    <boolean name="custom_splash_logo" value="true" />
    <boolean name="comment_copy_enhance" value="true" />
    <set name="purify_live_popups">
        <string>gift</string>
        <string>playTogether</string>
        <string>gotoBuy</string>
        <string>task</string>
        <string>shoppingSelected</string>
        <string>shoppingCard</string>
        <string>reserve</string>
        <string>banner</string>
        <string>follow</string>
        <string>giftStar</string>
    </set>
    <boolean name="block_comment_feedback" value="true" />
</map>
