{
  "name": "Dimensity8000/8100_Version2",
  "author": "Nalanyinyun",
  "configVersion": 6,
  "debug": false,
  "CpuGovernor": {
    "enable": true,
    "slowSampleTime": 50,
    "fastSampleTime": 25,
    "policy": {
      "policy0": {
        "cpuCore": [0, 1, 2, 3],
        "perfScale": 100,
        "lowPowerFreq": 600,
        "baseFreq": 1200,
        "optimalFreq": 1000,
        "modelFreq": 2000,
        "modelPower": 300
      },
      "policy1": {
        "cpuCore": [4, 5, 6],
        "perfScale": 260,
        "lowPowerFreq": 700,
        "baseFreq": 900,
        "optimalFreq": 1000,
        "modelFreq": 2850,
        "modelPower": 1610
      },
      "policy2": {
        "cpuCore": [7],
        "perfScale": 260,
        "lowPowerFreq": 800,
        "baseFreq": 800,
        "optimalFreq": 900,
        "modelFreq": 2850,
        "modelPower": 1610
      }
    },
    "powersave": {
      "powerLimit": 2700,
      "policy0": {
        "upRateLatency": 120,
        "perfMargin": 11
      },
      "policy1": {
        "upRateLatency": 120,
        "perfMargin": 10
      },
      "policy2": {
        "upRateLatency": 130,
        "perfMargin": 7
      },
      "freqBurst": {
        "touch": {
          "boost": 10,
          "durationTime": 300
        },
        "swipe": {
          "boost": 5,
          "durationTime": 300
        },
        "gesture": {
          "boost": 5,
          "durationTime": 300
        },
        "heavyload": {
          "boost": 5,
          "durationTime": 2000
        }
      }
    },
    "balance": {
      "powerLimit": 3400,
      "policy0": {
        "upRateLatency": 100,
        "perfMargin": 13
      },
      "policy1": {
        "upRateLatency": 110,
        "perfMargin": 12
      },
      "policy2": {
        "upRateLatency": 140,
        "perfMargin": 6
      },
      "freqBurst": {
        "touch": {
          "boost": 5,
          "durationTime": 300
        },
        "swipe": {
          "boost": 5,
          "durationTime": 500
        },
        "gesture": {
          "boost": 5,
          "durationTime": 500
        },
        "heavyload": {
          "boost": 10,
          "durationTime": 2000
        }
      }
    },
    "performance": {
      "powerLimit": 4500,
      "policy0": {
        "upRateLatency": 90,
        "perfMargin": 18
      },
      "policy1": {
        "upRateLatency": 110,
        "perfMargin": 14
      },
      "policy2": {
        "upRateLatency": 110,
        "perfMargin": 10
      },
      "freqBurst": {
        "touch": {
          "boost": 10,
          "durationTime": 5000
        },
        "swipe": {
          "boost": 5,
          "durationTime": 500
        },
        "gesture": {
          "boost": 10,
          "durationTime": 500
        },
        "heavyload": {
          "boost": 10,
          "durationTime": 2000
        }
      }
    },
    "fast": {
      "powerLimit": 500,
      "policy0": {
        "upRateLatency": 40,
        "perfMargin": 19
      },
      "policy1": {
        "upRateLatency": 40,
        "perfMargin": 17
      },
      "policy2": {
        "upRateLatency": 50,
        "perfMargin": 13
      },
      "freqBurst": {
        "touch": {
          "boost": 15,
          "durationTime": 500
        },
        "swipe": {
          "boost": 15,
          "durationTime": 500
        },
        "gesture": {
          "boost": 10,
          "durationTime": 500
        },
        "heavyload": {
          "boost": 10,
          "durationTime": 2000
        }
      }
    }
  },
  "ThreadSchedOpt": {
    "enable": true,
    "MainThread": {
      "cpus": [4, 5, 6],
      "nice": -12
    },
    "GameSingleThread": {
      "cpus": [7],
      "nice": -16
    },
    "GameMultiThread": {
      "cpus": [4, 5, 6],
      "nice": -16
    },
    "RenderThread": {
      "cpus": [7],
      "nice": -20
    },
    "UIThread": {
      "cpus": [4, 5, 6],
      "nice": -12
    },
    "MediaThread": {
      "cpus": [0, 1, 2, 3, 4, 5],
      "nice": -16
    },
    "WebViewThread": {
      "cpus": [4, 5, 6],
      "nice": -12
    },
    "ProcessThread": {
      "cpus": [4, 5, 6],
      "nice": -8
    },
    "NonRealTimeThread": {
      "cpus": [0, 1, 2, 3],
      "nice": 0
    },
    "OtherThread": {
      "cpus": [0, 1, 2, 3, 4, 5, 6],
      "nice": -8
    }
  },
  "MtkGpuGovernor": {
    "enable": true,
    "slowSampleTime": 40,
    "fastSampleTime": 20,
    "preferredFreq": [],
    "powersave": {
      "maxFreq": 436,
      "perfMargin": 10,
      "upRateLatency": 100,
      "touchBoost": false
    },
    "balance": {
      "maxFreq": 436,
      "perfMargin": 15,
      "upRateLatency": 80,
      "touchBoost": false
    },
    "performance": {
      "maxFreq": 572,
      "perfMargin": 20,
      "upRateLatency": 50,
      "touchBoost": false
    },
    "fast": {
      "maxFreq": 852,
      "perfMargin": 25,
      "upRateLatency": 30,
      "touchBoost": false
    }
  }
}