{
  "name": "Dimensity820_V5",
  "author": "XiaHuaBeiChiDiaoLe",
  "configVersion": 6,
  "debug": false,
  "CpuGovernor": {
	"enable": true,
	"slowSampleTime": 50,
	"fastSampleTime": 30,
	"policy": {
	  "policy0": {
		"cpuCore": [0, 1, 2, 3],
		"perfScale": 100,
		"lowPowerFreq": 500,
		"baseFreq": 1350,
		"optimalFreq": 1800,
		"modelFreq": 2000,
		"modelPower": 320
	  },
	  "policy1": {
		"cpuCore": [4, 5, 6, 7],
		"perfScale": 220,
		"lowPowerFreq": 774,
		"baseFreq": 1000,
		"optimalFreq": 2133,
		"modelFreq": 2600,
		"modelPower": 1800
	  }
	},
	"powersave": {
	  "powerLimit": 1350,
	  "policy0": {
		"upRateLatency": 120,
		"perfMargin": 10
	  },
	  "policy1": {
		"upRateLatency": 120,
		"perfMargin": 10
	  },
	  "freqBurst": {
		"touch": {
		  "boost": 0,
		  "durationTime": 0
		},
		"swipe": {
		  "boost": 10,
		  "durationTime": 500
		},
		"gesture": {
		  "boost": 20,
		  "durationTime": 500
		},
		"heavyload": {
		  "boost": 20,
		  "durationTime": 2000
		}
	  }
	},
	"balance": {
	  "powerLimit": 2050,
	  "policy0": {
		"upRateLatency": 100,
		"perfMargin": 20
	  },
	  "policy1": {
		"upRateLatency": 100,
		"perfMargin": 20
	  },
	  "freqBurst": {
		"touch": {
		  "boost": 5,
		  "durationTime": 1000
		},
		"swipe": {
		  "boost": 10,
		  "durationTime": 500
		},
		"gesture": {
		  "boost": 20,
		  "durationTime": 500
		},
		"heavyload": {
		  "boost": 20,
		  "durationTime": 2000
		}
	  }
	},
	"performance": {
	  "powerLimit": 3000,
	  "policy0": {
		"upRateLatency": 80,
		"perfMargin": 25
	  },
	  "policy1": {
		"upRateLatency": 80,
		"perfMargin": 25
	  },
	  "freqBurst": {
		"touch": {
		  "boost": 10,
		  "durationTime": 1000
		},
		"swipe": {
		  "boost": 20,
		  "durationTime": 500
		},
		"gesture": {
		  "boost": 30,
		  "durationTime": 500
		},
		"heavyload": {
		  "boost": 30,
		  "durationTime": 2000
		}
	  }
	},
	"fast": {
	  "powerLimit": 10000,
	  "policy0": {
		"upRateLatency": 60,
		"perfMargin": 30
	  },
	  "policy1": {
		"upRateLatency": 60,
		"perfMargin": 30
	  },
	  "freqBurst": {
		"touch": {
		  "boost": 20,
		  "durationTime": 1000
		},
		"swipe": {
		  "boost": 30,
		  "durationTime": 500
		},
		"gesture": {
		  "boost": 40,
		  "durationTime": 500
		},
		"heavyload": {
		  "boost": 40,
		  "durationTime": 2000
		}
	  }
	}
  },
  "ThreadSchedOpt": {
	"enable": true,
    "MainThread": {
      "cpus": [4, 5, 6],
      "nice": -12
    },
    "GameSingleThread": {
      "cpus": [7],
      "nice": -16
    },
    "GameMultiThread": {
      "cpus": [4, 5, 6],
      "nice": -16
    },
    "RenderThread": {
      "cpus": [7],
      "nice": -20
    },
    "UIThread": {
      "cpus": [4, 5, 6],
      "nice": -12
    },
    "MediaThread": {
      "cpus": [0, 1, 2, 3, 4, 5],
      "nice": -16
    },
    "WebViewThread": {
      "cpus": [4, 5, 6],
      "nice": -12
    },
    "ProcessThread": {
      "cpus": [4, 5, 6],
      "nice": -8
    },
    "NonRealTimeThread": {
      "cpus": [0, 1, 2, 3],
      "nice": 0
    },
    "OtherThread": {
      "cpus": [0, 1, 2, 3, 4, 5, 6],
      "nice": -8
    }
  },
  "MtkGpuGovernor": {
	"enable": true,
	"slowSampleTime": 55,
	"fastSampleTime": 35,
	"preferredFreq": [358, 585, 785],
	"powersave": {
	  "maxFreq": 358,
	  "perfMargin": 10,
	  "upRateLatency": 80,
	  "touchBoost": false
	},
	"balance": {
	  "maxFreq": 585,
	  "perfMargin": 20,
	  "upRateLatency": 80,
	  "touchBoost": true
	},
	"performance": {
	  "maxFreq": 785,
	  "perfMargin": 25,
	  "upRateLatency": 60,
	  "touchBoost": true
	},
	"fast": {
	  "maxFreq": 902,
	  "perfMargin": 30,
	  "upRateLatency": 40,
	  "touchBoost": true
	}
  }
}