{
  "name": "Dimensity1100/1200/1300_Complex5",
  "author": "XiaHuaBeiChiDiaoLe",
  "configVersion": 6,
  "debug": false,
  "CpuGovernor": {
    "enable": true,
    "slowSampleTime": 50,
    "fastSampleTime": 30,
    "policy": {
      "policy0": {
        "cpuCore": [0, 1, 2, 3],
        "perfScale": 100,
        "lowPowerFreq": 500,
        "baseFreq": 1350,
        "optimalFreq": 1800,
        "modelFreq": 2000,
        "modelPower": 350
      },
      "policy1": {
        "cpuCore": [4, 5, 6],
        "perfScale": 295,
        "lowPowerFreq": 437,
        "baseFreq": 1162,
        "optimalFreq": 1985,
        "modelFreq": 2600,
        "modelPower": 1550
      },
      "policy2": {
        "cpuCore": [7],
        "perfScale": 295,
        "lowPowerFreq": 659,
        "baseFreq": 1482,
        "optimalFreq": 2284,
        "modelFreq": 3000,
        "modelPower": 2240
      }
    },
    "powersave": {
      "powerLimit": 1500,
      "policy0": {
        "upRateLatency": 150,
        "perfMargin": 17
      },
      "policy1": {
        "upRateLatency": 170,
        "perfMargin": 13
      },
      "policy2": {
        "upRateLatency": 190,
        "perfMargin": 11
      },
      "freqBurst": {
        "touch": {
          "boost": 5,
          "durationTime": 300
        },
        "swipe": {
          "boost": 5,
          "durationTime": 400
        },
        "gesture": {
          "boost": 5,
          "durationTime": 300
        },
        "heavyload": {
          "boost": 10,
          "durationTime": 1000
        }
      }
    },
    "balance": {
      "powerLimit": 2200,
      "policy0": {
        "upRateLatency": 100,
        "perfMargin": 20
      },
      "policy1": {
        "upRateLatency": 120,
        "perfMargin": 17
      },
      "policy2": {
        "upRateLatency": 130,
        "perfMargin": 15
      },
      "freqBurst": {
        "touch": {
          "boost": 5,
          "durationTime": 300
        },
        "swipe": {
          "boost": 5,
          "durationTime": 300
        },
        "gesture": {
          "boost": 5,
          "durationTime": 300
        },
        "heavyload": {
          "boost": 10,
          "durationTime": 2000
        }
      }
    },
    "performance": {
      "powerLimit": 2900,
      "policy0": {
        "upRateLatency": 80,
        "perfMargin": 17
      },
      "policy1": {
        "upRateLatency": 80,
        "perfMargin": 13
      },
      "policy2": {
        "upRateLatency": 80,
        "perfMargin": 10
      },
      "freqBurst": {
        "touch": {
          "boost": 10,
          "durationTime": 500
        },
        "swipe": {
          "boost": 10,
          "durationTime": 500
        },
        "gesture": {
          "boost": 10,
          "durationTime": 500
        },
        "heavyload": {
          "boost": 10,
          "durationTime": 2000
        }
      }
    },
    "fast": {
      "powerLimit": 10000,
      "policy0": {
        "upRateLatency": 60,
        "perfMargin": 30
      },
      "policy1": {
        "upRateLatency": 60,
        "perfMargin": 30
      },
      "policy2": {
        "upRateLatency": 60,
        "perfMargin": 30
      },
      "freqBurst": {
        "touch": {
          "boost": 20,
          "durationTime": 1000
        },
        "swipe": {
          "boost": 30,
          "durationTime": 500
        },
        "gesture": {
          "boost": 40,
          "durationTime": 500
        },
        "heavyload": {
          "boost": 40,
          "durationTime": 2000
        }
      }
    }
  },
  "ThreadSchedOpt": {
    "enable": true,
    "MainThread": {
      "cpus": [4, 5, 6],
      "nice": -12
    },
    "GameSingleThread": {
      "cpus": [7],
      "nice": -16
    },
    "GameMultiThread": {
      "cpus": [4, 5, 6],
      "nice": -16
    },
    "RenderThread": {
      "cpus": [7],
      "nice": -20
    },
    "UIThread": {
      "cpus": [4, 5, 6],
      "nice": -12
    },
    "MediaThread": {
      "cpus": [0, 1, 2, 3, 4, 5],
      "nice": -16
    },
    "WebViewThread": {
      "cpus": [4, 5, 6],
      "nice": -12
    },
    "ProcessThread": {
      "cpus": [4, 5, 6],
      "nice": -8
    },
    "NonRealTimeThread": {
      "cpus": [0, 1, 2, 3],
      "nice": 0
    },
    "OtherThread": {
      "cpus": [0, 1, 2, 3, 4, 5, 6],
      "nice": -8
    }
  },
  "MtkGpuGovernor": {
    "enable": true,
    "slowSampleTime": 40,
    "fastSampleTime": 20,
    "preferredFreq": [532, 654, 735],
    "powersave": {
      "maxFreq": 350,
      "perfMargin": 10,
      "upRateLatency": 80,
      "touchBoost": false
    },
    "balance": {
      "maxFreq": 532,
      "perfMargin": 20,
      "upRateLatency": 80,
      "touchBoost": false
    },
    "performance": {
      "maxFreq": 735,
      "perfMargin": 25,
      "upRateLatency": 60,
      "touchBoost": false
    },
    "fast": {
      "maxFreq": 886,
      "perfMargin": 30,
      "upRateLatency": 40,
      "touchBoost": false
    }
  }
}