{
  "name": "Dimensity9000/9000+_Complex3",
  "author": "XiaHuaBeiChiDiaoLe",
  "configVersion": 6,
  "debug": false,
  "CpuGovernor": {
    "enable": true,
    "slowSampleTime": 40,
    "fastSampleTime": 20,
    "policy": {
      "policy0": {
        "cpuCore": [0, 1, 2, 3],
        "perfScale": 100,
        "lowPowerFreq": 200,
        "baseFreq": 1200,
        "optimalFreq": 1800,
        "modelFreq": 2000,
        "modelPower": 500
      },
      "policy1": {
        "cpuCore": [4, 5, 6],
        "perfScale": 240,
        "lowPowerFreq": 400,
        "baseFreq": 700,
        "optimalFreq": 2200,
        "modelFreq": 2850,
        "modelPower": 2240
      },
      "policy2": {
        "cpuCore": [7],
        "perfScale": 285,
        "lowPowerFreq": 1300,
        "baseFreq": 1300,
        "optimalFreq": 2600,
        "modelFreq": 3050,
        "modelPower": 3400
      }
    },
    "powersave": {
      "powerLimit": 1500,
      "policy0": {
        "upRateLatency": 150,
        "perfMargin": 17
      },
      "policy1": {
        "upRateLatency": 170,
        "perfMargin": 13
      },
      "policy2": {
        "upRateLatency": 190,
        "perfMargin": 11
      },
      "freqBurst": {
        "touch": {
          "boost": 0,
          "durationTime": 0
        },
        "swipe": {
          "boost": 5,
          "durationTime": 500
        },
        "gesture": {
          "boost": 10,
          "durationTime": 500
        },
        "heavyload": {
          "boost": 20,
          "durationTime": 2000
        }
      }
    },
    "balance": {
      "powerLimit": 2300,
      "policy0": {
        "upRateLatency": 90,
        "perfMargin": 19
      },
      "policy1": {
        "upRateLatency": 110,
        "perfMargin": 16
      },
      "policy2": {
        "upRateLatency": 110,
        "perfMargin": 16
      },
      "freqBurst": {
        "touch": {
          "boost": 5,
          "durationTime": 500
        },
        "swipe": {
          "boost": 10,
          "durationTime": 300
        },
        "gesture": {
          "boost": 10,
          "durationTime": 500
        },
        "heavyload": {
          "boost": 20,
          "durationTime": 2000
        }
      }
    },
    "performance": {
      "powerLimit": 3100,
      "policy0": {
        "upRateLatency": 90,
        "perfMargin": 23
      },
      "policy1": {
        "upRateLatency": 120,
        "perfMargin": 20
      },
      "policy2": {
        "upRateLatency": 100,
        "perfMargin": 18
      },
      "freqBurst": {
        "touch": {
          "boost": 10,
          "durationTime": 500
        },
        "swipe": {
          "boost": 15,
          "durationTime": 500
        },
        "gesture": {
          "boost": 10,
          "durationTime": 500
        },
        "heavyload": {
          "boost": 30,
          "durationTime": 2000
        }
      }
    },
    "fast": {
      "powerLimit": 10000,
      "policy0": {
        "upRateLatency": 60,
        "perfMargin": 30
      },
      "policy1": {
        "upRateLatency": 60,
        "perfMargin": 30
      },
      "policy2": {
        "upRateLatency": 60,
        "perfMargin": 30
      },
      "freqBurst": {
        "touch": {
          "boost": 20,
          "durationTime": 1000
        },
        "swipe": {
          "boost": 30,
          "durationTime": 500
        },
        "gesture": {
          "boost": 40,
          "durationTime": 500
        },
        "heavyload": {
          "boost": 40,
          "durationTime": 2000
        }
      }
    }
  },
  "ThreadSchedOpt": {
    "enable": true,
    "MainThread": {
      "cpus": [4, 5, 6],
      "nice": -10
    },
    "GameSingleThread": {
      "cpus": [7],
      "nice": -16
    },
    "GameMultiThread": {
      "cpus": [4, 5, 6],
      "nice": -16
    },
    "RenderThread": {
      "cpus": [7],
      "nice": -16
    },
    "UIThread": {
      "cpus": [4, 5, 6],
      "nice": -10
    },
    "MediaThread": {
      "cpus": [0, 1, 2, 3, 4, 5],
      "nice": -16
    },
    "WebViewThread": {
      "cpus": [4, 5, 6],
      "nice": -10
    },
    "ProcessThread": {
      "cpus": [4, 5, 6],
      "nice": -8
    },
    "NonRealTimeThread": {
      "cpus": [0, 1, 2, 3],
      "nice": 10
    },
    "OtherThread": {
      "cpus": [0, 1, 2, 3, 4, 5, 6],
      "nice": 0
    }
  },
  "MtkGpuGovernor": {
    "enable": true,
    "slowSampleTime": 40,
    "fastSampleTime": 20,
    "preferredFreq": [],
    "powersave": {
      "maxFreq": 290,
      "perfMargin": 10,
      "upRateLatency": 80,
      "touchBoost": false
    },
    "balance": {
      "maxFreq": 417,
      "perfMargin": 20,
      "upRateLatency": 80,
      "touchBoost": false
    },
    "performance": {
      "maxFreq": 638,
      "perfMargin": 25,
      "upRateLatency": 60,
      "touchBoost": false
    },
    "fast": {
      "maxFreq": 848,
      "perfMargin": 30,
      "upRateLatency": 40,
      "touchBoost": false
    }
  }
}