{
  "name": "Helio_G90/G90T_Version.2",
  "author": "chenzyadb",
  "configVersion": 6,
  "debug": false,
  "CpuGovernor": {
    "enable": true,
    "slowSampleTime": 50,
    "fastSampleTime": 40,
    "policy": {
      "policy0": {
        "cpuCore": [0, 1, 2, 3, 4, 5],
        "perfScale": 100,
        "lowPowerFreq": 500,
        "baseFreq": 1200,
        "optimalFreq": 1200,
        "modelFreq": 1800,
        "modelPower": 400
      },
      "policy1": {
        "cpuCore": [6, 7],
        "perfScale": 220,
        "lowPowerFreq": 700,
        "baseFreq": 1085,
        "optimalFreq": 1085,
        "modelFreq": 2000,
        "modelPower": 1480
      }
    },
    "powersave": {
      "powerLimit": 2500,
      "policy0": {
        "upRateLatency": 120,
        "perfMargin": 15
      },
      "policy1": {
        "upRateLatency": 150,
        "perfMargin": 12
      },
      "freqBurst": {
        "touch": {
          "boost": 5,
          "durationTime": 300
        },
        "swipe": {
          "boost": 5,
          "durationTime": 300
        },
        "gesture": {
          "boost": 5,
          "durationTime": 300
        },
        "heavyload": {
          "boost": 10,
          "durationTime": 2000
        }
      }
    },
    "balance": {
      "powerLimit": 2500,
      "policy0": {
        "upRateLatency": 100,
        "perfMargin": 25
      },                                                                 
      "policy1": {
        "upRateLatency": 140,
        "perfMargin": 15
      },
      "freqBurst": {
        "touch": {
          "boost": 5,
          "durationTime": 500
        },
        "swipe": {
          "boost": 5,
          "durationTime": 500
        },
        "gesture": {
          "boost": 5,
          "durationTime": 500
        },
        "heavyload": {
          "boost": 10,
          "durationTime": 2000
        }
      }
    },
    "performance": {
      "powerLimit": 3400,
      "policy0": {
        "upRateLatency": 100,
        "perfMargin": 26
      },
      "policy1": {
        "upRateLatency": 110,
        "perfMargin": 17
      },
      "freqBurst": {
        "touch": {
          "boost": 10,
          "durationTime": 500
        },
        "swipe": {
          "boost": 10,
          "durationTime": 500
        },
        "gesture": {
          "boost": 10,
          "durationTime": 500
        },
        "heavyload": {
          "boost": 10,
          "durationTime": 2000
        }
      }
    },
    "fast": {
      "powerLimit": 10000,
      "policy0": {
        "upRateLatency": 60,
        "perfMargin": 30
      },
      "policy1": {
        "upRateLatency": 60,
        "perfMargin": 30
      },
      "freqBurst": {
        "touch": {
          "boost": 20,
          "durationTime": 1000
        },
        "swipe": {
          "boost": 30,
          "durationTime": 500
        },
        "gesture": {
          "boost": 40,
          "durationTime": 500
        },
        "heavyload": {
          "boost": 40,
          "durationTime": 2000
        }
      }
    }
  },
  "ThreadSchedOpt": {
		"enable": true,
		"MainThread": {
			"cpus": [6, 7],
			"nice": -12
		},
		"GameSingleThread": {
			"cpus": [7],
			"nice": -16
		},
		"GameMultiThread": {
			"cpus": [0, 1, 2, 3, 4, 5, 6],
			"nice": -16
		},
		"RenderThread": {
			"cpus": [7],
			"nice": -20
		},
		"UIThread": {
			"cpus": [6, 7],
			"nice": -12
		},
		"MediaThread": {
			"cpus": [0, 1, 2, 3, 4, 5, 6],
			"nice": -16
		},
		"WebViewThread": {
			"cpus": [6, 7],
			"nice": -12
		},
		"ProcessThread": {
			"cpus": [0, 1, 2, 3, 4, 5, 6],
			"nice": -8
		},
		"NonRealTimeThread": {
			"cpus": [0, 1, 2, 3],
			"nice": 0
		},
		"OtherThread": {
			"cpus": [0, 1, 2, 3, 4, 5, 6],
			"nice": -8
		}
	},
  "MtkGpuGovernor": {
    "enable": true,
    "slowSampleTime": 60,
    "fastSampleTime": 40,
    "preferredFreq": [],
    "powersave": {
      "maxFreq": 395,
      "perfMargin": 10,
      "upRateLatency": 80,
      "touchBoost": false
    },
    "balance": {
      "maxFreq": 445,
      "perfMargin": 20,
      "upRateLatency": 80,
      "touchBoost": false
    },
    "performance": {
      "maxFreq": 595,
      "perfMargin": 25,
      "upRateLatency": 80,
      "touchBoost": false
    },
    "fast": {
      "maxFreq": 806,
      "perfMargin": 30,
      "upRateLatency": 40,
      "touchBoost": false
    }
  }
}
