{
  "name": "Helio_G80/G85/P65/P90",
  "author": "Nalanyinyun",
  "configVersion": 6,
  "debug": false,
  "CpuGovernor": {
    "enable": true,
    "slowSampleTime": 60,
    "fastSampleTime": 30,
    "policy": {
      "policy0": {
        "cpuCore": [0, 1, 2, 3, 4, 5],
        "perfScale": 100,
        "lowPowerFreq": 300,
        "baseFreq": 1400,
        "optimalFreq": 1000,
        "modelFreq": 1800,
        "modelPower": 360
      },
      "policy1": {
        "cpuCore": [6, 7],
        "perfScale": 180,
        "lowPowerFreq": 700,
        "baseFreq": 900,
        "optimalFreq": 1000,
        "modelFreq": 2000,
        "modelPower": 1380
      }
    },
    "powersave": {
      "powerLimit": 2000,
      "policy0": {
        "upRateLatency": 120,
        "perfMargin": 15
      },
      "policy1": {
        "upRateLatency": 160,
        "perfMargin": 9
      },
      "freqBurst": {
        "touch": {
          "boost": 5,
          "durationTime": 5
        },
        "swipe": {
          "boost": 5,
          "durationTime": 300
        },
        "gesture": {
          "boost": 10,
          "durationTime": 500
        },
        "heavyload": {
          "boost": 10,
          "durationTime": 3000
        }
      }
    },
    "balance": {
      "powerLimit": 3000,
      "policy0": {
        "upRateLatency": 100,
        "perfMargin": 19
      },
      "policy1": {
        "upRateLatency": 140,
        "perfMargin": 11
      },
      "freqBurst": {
        "touch": {
          "boost": 5,
          "durationTime": 500
        },
        "swipe": {
          "boost": 5,
          "durationTime": 500
        },
        "gesture": {
          "boost": 10,
          "durationTime": 500
        },
        "heavyload": {
          "boost": 10,
          "durationTime": 3000
        }
      }
    },
    "performance": {
      "powerLimit": 5000,
      "policy0": {
        "upRateLatency": 120,
        "perfMargin": 22
      },
      "policy1": {
        "upRateLatency": 130,
        "perfMargin": 19
      },
      "freqBurst": {
        "touch": {
          "boost": 10,
          "durationTime": 500
        },
        "swipe": {
          "boost": 10,
          "durationTime": 500
        },
        "gesture": {
          "boost": 10,
          "durationTime": 500
        },
        "heavyload": {
          "boost": 10,
          "durationTime": 2000
        }
      }
    },
    "fast": {
      "powerLimit": 7000,
      "policy0": {
        "upRateLatency": 30,
        "perfMargin": 27
      },
      "policy1": {
        "upRateLatency": 40,
        "perfMargin": 23
      },
      "freqBurst": {
        "touch": {
          "boost": 10,
          "durationTime": 500
        },
        "swipe": {
          "boost": 10,
          "durationTime": 500
        },
        "gesture": {
          "boost": 10,
          "durationTime": 500
        },
        "heavyload": {
          "boost": 10,
          "durationTime": 2000
        }
      }
    }
  },
  "ThreadSchedOpt": {
		"enable": true,
		"MainThread": {
			"cpus": [6, 7],
			"nice": -12
		},
		"GameSingleThread": {
			"cpus": [7],
			"nice": -16
		},
		"GameMultiThread": {
			"cpus": [0, 1, 2, 3, 4, 5, 6],
			"nice": -16
		},
		"RenderThread": {
			"cpus": [7],
			"nice": -20
		},
		"UIThread": {
			"cpus": [6, 7],
			"nice": -12
		},
		"MediaThread": {
			"cpus": [0, 1, 2, 3, 4, 5, 6],
			"nice": -16
		},
		"WebViewThread": {
			"cpus": [6, 7],
			"nice": -12
		},
		"ProcessThread": {
			"cpus": [0, 1, 2, 3, 4, 5, 6],
			"nice": -8
		},
		"NonRealTimeThread": {
			"cpus": [0, 1, 2, 3],
			"nice": 0
		},
		"OtherThread": {
			"cpus": [0, 1, 2, 3, 4, 5, 6],
			"nice": -8
		}
	},
  "MtkGpuGovernor": {
    "enable": true,
    "slowSampleTime": 50,
    "fastSampleTime": 30,
    "preferredFreq": [],
    "powersave": {
      "maxFreq": 350,
      "perfMargin": 10,
      "upRateLatency": 80,
      "touchBoost": false
    },
    "balance": {
      "maxFreq": 500,
      "perfMargin": 20,
      "upRateLatency": 80,
      "touchBoost": false
    },
    "performance": {
      "maxFreq": 700,
      "perfMargin": 25,
      "upRateLatency": 60,
      "touchBoost": false
    },
    "fast": {
      "maxFreq": 900,
      "perfMargin": 30,
      "upRateLatency": 40,
      "touchBoost": false
    }
  }
}