{
  "name": "Tegra_X1",
  "author": "Nalanyinyun",
  "configVersion": 6,
  "debug": false,
  "CpuGovernor": {
    "enable": true,
    "slowSampleTime": 60,
    "fastSampleTime": 40,
    "policy": {
      "policy0": {
        "cpuCore": [0, 1, 2, 3],
        "perfScale": 100,
        "lowPowerFreq": 300,
        "baseFreq": 1200,
        "optimalFreq": 1400,
        "modelFreq": 2010,
        "modelPower": 2500
      }
    },
    "powersave": {
      "powerLimit": 2000,
      "policy0": {
        "upRateLatency": 150,
        "perfMargin": 14
      },
      "freqBurst": {
        "touch": {
          "boost": 5,
          "durationTime": 300
        },
        "swipe": {
          "boost": 5,
          "durationTime": 300
        },
        "gesture": {
          "boost": 5,
          "durationTime": 300
        },
        "heavyload": {
          "boost": 10,
          "durationTime": 2000
        }
      }
    },
    "balance": {
      "powerLimit": 3000,
      "policy0": {
        "upRateLatency": 130,
        "perfMargin": 18
      },
      "freqBurst": {
        "touch": {
          "boost": 5,
          "durationTime": 400
        },
        "swipe": {
          "boost": 5,
          "durationTime": 500
        },
        "gesture": {
          "boost": 5,
          "durationTime": 500
        },
        "heavyload": {
          "boost": 10,
          "durationTime": 2000
        }
      }
    },
    "performance": {
      "powerLimit": 4500,
      "policy0": {
        "upRateLatency": 80,
        "perfMargin": 23
      },
      "freqBurst": {
        "touch": {
          "boost": 10,
          "durationTime": 500
        },
        "swipe": {
          "boost": 10,
          "durationTime": 500
        },
        "gesture": {
          "boost": 10,
          "durationTime": 500
        },
        "heavyload": {
          "boost": 20,
          "durationTime": 2000
        }
      }
    },
    "fast": {
      "powerLimit": 10000,
      "policy0": {
        "upRateLatency": 60,
        "perfMargin": 40
      },
      "freqBurst": {
        "touch": {
          "boost": 15,
          "durationTime": 700
        },
        "swipe": {
          "boost": 15,
          "durationTime": 800
        },
        "gesture": {
          "boost": 15,
          "durationTime": 400
        },
        "heavyload": {
          "boost": 15,
          "durationTime": 2000
        }
      }
    }
  },
  "ThreadSchedOpt": {
    "enable": true,
    "MainThread": {
      "cpus": [2, 3],
      "nice": -12
    },
    "GameSingleThread": {
      "cpus": [3],
      "nice": -16
    },
    "GameMultiThread": {
      "cpus": [0, 1, 2],
      "nice": -16
    },
    "RenderThread": {
      "cpus": [3],
      "nice": -20
    },
    "UIThread": {
      "cpus": [2, 3],
      "nice": -12
    },
    "MediaThread": {
      "cpus": [0, 1],
      "nice": -16
    },
    "WebViewThread": {
      "cpus": [2, 3],
      "nice": -12
    },
    "ProcessThread": {
      "cpus": [0, 1, 2],
      "nice": -8
    },
    "NonRealTimeThread": {
      "cpus": [0, 1],
      "nice": 0
    },
    "OtherThread": {
      "cpus": [0, 1, 2],
      "nice": -8
    }
  },
  "MtkGpuGovernor": {
    "enable": false
  }
}